{"cameraMode":{"drawMode":0,"name":"Shaded","section":"Shading Mode"},"sceneLighting":false,"audioPlay":false,"sceneViewState":{"showFog":true,"showMaterialUpdate":false,"showSkybox":true,"showFlares":true,"showImageEffects":true,"showParticleSystems":true},"in2DMode":false,"pivot":{"x":-20.722644805908204,"y":3.1696205139160158,"z":13.359291076660157},"rotation":{"x":-0.26989805698394778,"y":-0.01242346502840519,"z":0.0034842542372643949,"w":-0.9628049731254578},"size":19.87590980529785,"orthographic":false}